create database [RestaurantManagement]
go 

USE [RestaurantManagement]
GO
/****** Object:  Table [dbo].[Account]    Script Date: 6/4/2020 9:31:10 AM ******/
SET ANSI_NULLS ON
GO
SET QUOTED_IDENTIFIER ON
GO
CREATE TABLE [dbo].[Account](
	[AccountName] [nvarchar](100) NOT NULL,
	[Password] [nvarchar](200) NOT NULL,
	[FullName] [nvarchar](1000) NOT NULL,
	[Email] [nvarchar](1000) NULL,
	[Tell] [nvarchar](200) NULL,
	[DateCreated] [smalldatetime] NULL,
 CONSTRAINT [PK_Account_1] PRIMARY KEY CLUSTERED 
(
	[AccountName] ASC
)WITH (PAD_INDEX = OFF, STATISTICS_NORECOMPUTE = OFF, IGNORE_DUP_KEY = OFF, ALLOW_ROW_LOCKS = ON, ALLOW_PAGE_LOCKS = ON) ON [PRIMARY]
) ON [PRIMARY]
GO
/****** Object:  Table [dbo].[BillDetails]    Script Date: 6/4/2020 9:31:10 AM ******/
SET ANSI_NULLS ON
GO
SET QUOTED_IDENTIFIER ON
GO
CREATE TABLE [dbo].[BillDetails](
	[ID] [int] IDENTITY(1,1) NOT NULL,
	[InvoiceID] [int] NOT NULL,
	[FoodID] [int] NOT NULL,
	[Quantity] [int] NOT NULL,
 CONSTRAINT [PK_InvoiceInfo] PRIMARY KEY CLUSTERED 
(
	[ID] ASC
)WITH (PAD_INDEX = OFF, STATISTICS_NORECOMPUTE = OFF, IGNORE_DUP_KEY = OFF, ALLOW_ROW_LOCKS = ON, ALLOW_PAGE_LOCKS = ON) ON [PRIMARY]
) ON [PRIMARY]
GO
/****** Object:  Table [dbo].[Bills]    Script Date: 6/4/2020 9:31:10 AM ******/
SET ANSI_NULLS ON
GO
SET QUOTED_IDENTIFIER ON
GO
CREATE TABLE [dbo].[Bills](
	[ID] [int] IDENTITY(1,1) NOT NULL,
	[Name] [nvarchar](1000) NOT NULL,
	[TableID] [int] NOT NULL,
	[Amount] [int] NOT NULL,
	[Discount] [float] NULL,
	[Tax] [float] NULL,
	[Status] [bit] NOT NULL,
	[CheckoutDate] [smalldatetime] NULL,
	[Account] [nvarchar](100) NOT NULL,
 CONSTRAINT [PK_Invoice] PRIMARY KEY CLUSTERED 
(
	[ID] ASC
)WITH (PAD_INDEX = OFF, STATISTICS_NORECOMPUTE = OFF, IGNORE_DUP_KEY = OFF, ALLOW_ROW_LOCKS = ON, ALLOW_PAGE_LOCKS = ON) ON [PRIMARY]
) ON [PRIMARY]
GO
/****** Object:  Table [dbo].[Category]    Script Date: 6/4/2020 9:31:10 AM ******/
SET ANSI_NULLS ON
GO
SET QUOTED_IDENTIFIER ON
GO
CREATE TABLE [dbo].[Category](
	[ID] [int] IDENTITY(1,1) NOT NULL,
	[Name] [nvarchar](1000) NOT NULL,
	[Type] [int] NOT NULL,
 CONSTRAINT [PK_FoodCategory] PRIMARY KEY CLUSTERED 
(
	[ID] ASC
)WITH (PAD_INDEX = OFF, STATISTICS_NORECOMPUTE = OFF, IGNORE_DUP_KEY = OFF, ALLOW_ROW_LOCKS = ON, ALLOW_PAGE_LOCKS = ON) ON [PRIMARY]
) ON [PRIMARY]
GO
/****** Object:  Table [dbo].[Food]    Script Date: 6/4/2020 9:31:10 AM ******/
SET ANSI_NULLS ON
GO
SET QUOTED_IDENTIFIER ON
GO
CREATE TABLE [dbo].[Food](
	[ID] [int] IDENTITY(1,1) NOT NULL,
	[Name] [nvarchar](1000) NOT NULL,
	[Unit] [nvarchar](100) NOT NULL,
	[FoodCategoryID] [int] NOT NULL,
	[Price] [int] NOT NULL,
	[Notes] [nvarchar](3000) NULL,
 CONSTRAINT [PK_FoodStuffs] PRIMARY KEY CLUSTERED 
(
	[ID] ASC
)WITH (PAD_INDEX = OFF, STATISTICS_NORECOMPUTE = OFF, IGNORE_DUP_KEY = OFF, ALLOW_ROW_LOCKS = ON, ALLOW_PAGE_LOCKS = ON) ON [PRIMARY]
) ON [PRIMARY]
GO
/****** Object:  Table [dbo].[Role]    Script Date: 6/4/2020 9:31:10 AM ******/
SET ANSI_NULLS ON
GO
SET QUOTED_IDENTIFIER ON
GO
CREATE TABLE [dbo].[Role](
	[ID] [int] IDENTITY(1,1) NOT NULL,
	[RoleName] [nvarchar](1000) NOT NULL,
	[Path] [nvarchar](3000) NULL,
	[Notes] [nvarchar](3000) NULL,
 CONSTRAINT [PK_Role] PRIMARY KEY CLUSTERED 
(
	[ID] ASC
)WITH (PAD_INDEX = OFF, STATISTICS_NORECOMPUTE = OFF, IGNORE_DUP_KEY = OFF, ALLOW_ROW_LOCKS = ON, ALLOW_PAGE_LOCKS = ON) ON [PRIMARY]
) ON [PRIMARY]
GO
/****** Object:  Table [dbo].[RoleAccount]    Script Date: 6/4/2020 9:31:10 AM ******/
SET ANSI_NULLS ON
GO
SET QUOTED_IDENTIFIER ON
GO
CREATE TABLE [dbo].[RoleAccount](
	[RoleID] [int] NOT NULL,
	[AccountName] [nvarchar](100) NOT NULL,
	[Actived] [bit] NOT NULL,
	[Notes] [nvarchar](3000) NULL,
 CONSTRAINT [PK_RoleAccount] PRIMARY KEY CLUSTERED 
(
	[RoleID] ASC,
	[AccountName] ASC
)WITH (PAD_INDEX = OFF, STATISTICS_NORECOMPUTE = OFF, IGNORE_DUP_KEY = OFF, ALLOW_ROW_LOCKS = ON, ALLOW_PAGE_LOCKS = ON) ON [PRIMARY]
) ON [PRIMARY]
GO
/****** Object:  Table [dbo].[Table]    Script Date: 6/4/2020 9:31:10 AM ******/
SET ANSI_NULLS ON
GO
SET QUOTED_IDENTIFIER ON
GO
CREATE TABLE [dbo].[Table](
	[ID] [int] IDENTITY(1,1) NOT NULL,
	[Name] [nvarchar](1000) NULL,
	[Status] [int] NOT NULL,
	[Capacity] [int] NULL,
 CONSTRAINT [PK_Table] PRIMARY KEY CLUSTERED 
(
	[ID] ASC
)WITH (PAD_INDEX = OFF, STATISTICS_NORECOMPUTE = OFF, IGNORE_DUP_KEY = OFF, ALLOW_ROW_LOCKS = ON, ALLOW_PAGE_LOCKS = ON) ON [PRIMARY]
) ON [PRIMARY]
GO
INSERT [dbo].[Account] ([AccountName], [Password], [FullName], [Email], [Tell], [DateCreated]) VALUES (N'lgcong', N'legiacong', N'Lê Gia Công', N'conglg@dlu.edu.vn', NULL, NULL)
INSERT [dbo].[Account] ([AccountName], [Password], [FullName], [Email], [Tell], [DateCreated]) VALUES (N'pttnga', N'phanthithanhnga', N'Phan Thị Thanh Nga', N'ngaptt@dlu.edu.vn', NULL, CAST(N'2020-06-04T00:00:00' AS SmallDateTime))
INSERT [dbo].[Account] ([AccountName], [Password], [FullName], [Email], [Tell], [DateCreated]) VALUES (N'tdquy', N'thaiduyquy', N'Thái Duy Quý', N'quytd@dlu.edu.vn', NULL, NULL)
INSERT [dbo].[Account] ([AccountName], [Password], [FullName], [Email], [Tell], [DateCreated]) VALUES (N'ttplinh', N'tranthiphuonglinh', N'Trần Thị Phương Linh', N'linhttp@dlu.edu.vn', NULL, NULL)
SET IDENTITY_INSERT [dbo].[BillDetails] ON 

INSERT [dbo].[BillDetails] ([ID], [InvoiceID], [FoodID], [Quantity]) VALUES (1, 1, 3, 2)
INSERT [dbo].[BillDetails] ([ID], [InvoiceID], [FoodID], [Quantity]) VALUES (2, 1, 4, 1)
SET IDENTITY_INSERT [dbo].[BillDetails] OFF
SET IDENTITY_INSERT [dbo].[Bills] ON 

INSERT [dbo].[Bills] ([ID], [Name], [TableID], [Amount], [Discount], [Tax], [Status], [CheckoutDate], [Account]) VALUES (1, N'Hóa đơn thanh toán', 5, 150000, 0.05, 0, 1, NULL, N'tdquy')
SET IDENTITY_INSERT [dbo].[Bills] OFF
SET IDENTITY_INSERT [dbo].[Category] ON 

INSERT [dbo].[Category] ([ID], [Name], [Type]) VALUES (1, N'Khai vị', 1)
INSERT [dbo].[Category] ([ID], [Name], [Type]) VALUES (2, N'Hải sản', 1)
INSERT [dbo].[Category] ([ID], [Name], [Type]) VALUES (3, N'Gà', 1)
INSERT [dbo].[Category] ([ID], [Name], [Type]) VALUES (4, N'Cơm', 1)
INSERT [dbo].[Category] ([ID], [Name], [Type]) VALUES (5, N'Thịt', 1)
INSERT [dbo].[Category] ([ID], [Name], [Type]) VALUES (6, N'Rau', 1)
INSERT [dbo].[Category] ([ID], [Name], [Type]) VALUES (8, N'Canh', 1)
INSERT [dbo].[Category] ([ID], [Name], [Type]) VALUES (9, N'Lẩu', 1)
INSERT [dbo].[Category] ([ID], [Name], [Type]) VALUES (10, N'Bia', 0)
INSERT [dbo].[Category] ([ID], [Name], [Type]) VALUES (11, N'Nước ngọt', 0)
INSERT [dbo].[Category] ([ID], [Name], [Type]) VALUES (12, N'Cà phê', 0)
INSERT [dbo].[Category] ([ID], [Name], [Type]) VALUES (13, N'Trà đá', 0)
SET IDENTITY_INSERT [dbo].[Category] OFF
SET IDENTITY_INSERT [dbo].[Food] ON 

INSERT [dbo].[Food] ([ID], [Name], [Unit], [FoodCategoryID], [Price], [Notes]) VALUES (1, N'Rau muống xào tỏi', N'Đĩa', 6, 20000, NULL)
INSERT [dbo].[Food] ([ID], [Name], [Unit], [FoodCategoryID], [Price], [Notes]) VALUES (2, N'Cơm chiên Dương châu', N'Đĩa nhỏ', 4, 35000, N'3 người ăn')
INSERT [dbo].[Food] ([ID], [Name], [Unit], [FoodCategoryID], [Price], [Notes]) VALUES (3, N'Cơm chiên Dương châu', N'Đĩa lớn', 4, 40000, N'4 người ăn')
INSERT [dbo].[Food] ([ID], [Name], [Unit], [FoodCategoryID], [Price], [Notes]) VALUES (4, N'Ếch thui rơm', N'Đĩa', 2, 70000, NULL)
INSERT [dbo].[Food] ([ID], [Name], [Unit], [FoodCategoryID], [Price], [Notes]) VALUES (5, N'Sò lông nướng mỡ hành', N'Đĩa', 2, 80000, NULL)
INSERT [dbo].[Food] ([ID], [Name], [Unit], [FoodCategoryID], [Price], [Notes]) VALUES (6, N'Càng cua hấp', N'Đĩa', 2, 100000, NULL)
INSERT [dbo].[Food] ([ID], [Name], [Unit], [FoodCategoryID], [Price], [Notes]) VALUES (7, N'Canh cải', N'Tô', 8, 20000, NULL)
INSERT [dbo].[Food] ([ID], [Name], [Unit], [FoodCategoryID], [Price], [Notes]) VALUES (8, N'Gà nướng muối ớt', N'Con', 3, 180000, NULL)
INSERT [dbo].[Food] ([ID], [Name], [Unit], [FoodCategoryID], [Price], [Notes]) VALUES (9, N'Bia 333', N'Chai', 10, 12000, NULL)
INSERT [dbo].[Food] ([ID], [Name], [Unit], [FoodCategoryID], [Price], [Notes]) VALUES (10, N'Bia Heniken', N'Chai', 10, 20000, NULL)
INSERT [dbo].[Food] ([ID], [Name], [Unit], [FoodCategoryID], [Price], [Notes]) VALUES (11, N'Súp cua', N'Tô', 1, 15000, NULL)
INSERT [dbo].[Food] ([ID], [Name], [Unit], [FoodCategoryID], [Price], [Notes]) VALUES (12, N'Thịt kho', N'Đĩa', 5, 25000, N'Theo thời giá')
SET IDENTITY_INSERT [dbo].[Food] OFF
SET IDENTITY_INSERT [dbo].[Role] ON 

INSERT [dbo].[Role] ([ID], [RoleName], [Path], [Notes]) VALUES (1, N'Adminstrator', NULL, NULL)
INSERT [dbo].[Role] ([ID], [RoleName], [Path], [Notes]) VALUES (2, N'Kế toán', NULL, NULL)
INSERT [dbo].[Role] ([ID], [RoleName], [Path], [Notes]) VALUES (3, N'Nhân viên thanh toán', NULL, NULL)
INSERT [dbo].[Role] ([ID], [RoleName], [Path], [Notes]) VALUES (4, N'Nhân viên phục vụ', NULL, NULL)
SET IDENTITY_INSERT [dbo].[Role] OFF
INSERT [dbo].[RoleAccount] ([RoleID], [AccountName], [Actived], [Notes]) VALUES (1, N'lgcong', 1, NULL)
INSERT [dbo].[RoleAccount] ([RoleID], [AccountName], [Actived], [Notes]) VALUES (1, N'pttnga', 1, NULL)
INSERT [dbo].[RoleAccount] ([RoleID], [AccountName], [Actived], [Notes]) VALUES (1, N'tdquy', 1, NULL)
INSERT [dbo].[RoleAccount] ([RoleID], [AccountName], [Actived], [Notes]) VALUES (1, N'ttplinh', 1, NULL)
INSERT [dbo].[RoleAccount] ([RoleID], [AccountName], [Actived], [Notes]) VALUES (3, N'lgcong', 0, NULL)
INSERT [dbo].[RoleAccount] ([RoleID], [AccountName], [Actived], [Notes]) VALUES (3, N'pttnga', 0, NULL)
INSERT [dbo].[RoleAccount] ([RoleID], [AccountName], [Actived], [Notes]) VALUES (3, N'tdquy', 1, NULL)
INSERT [dbo].[RoleAccount] ([RoleID], [AccountName], [Actived], [Notes]) VALUES (3, N'ttplinh', 1, NULL)
SET IDENTITY_INSERT [dbo].[Table] ON 

INSERT [dbo].[Table] ([ID], [Name], [Status], [Capacity]) VALUES (1, N'01', 0, 4)
INSERT [dbo].[Table] ([ID], [Name], [Status], [Capacity]) VALUES (2, N'02', 0, 4)
INSERT [dbo].[Table] ([ID], [Name], [Status], [Capacity]) VALUES (4, N'03', 0, 4)
INSERT [dbo].[Table] ([ID], [Name], [Status], [Capacity]) VALUES (5, N'04', 0, 6)
INSERT [dbo].[Table] ([ID], [Name], [Status], [Capacity]) VALUES (6, N'05', 0, 8)
INSERT [dbo].[Table] ([ID], [Name], [Status], [Capacity]) VALUES (8, N'06', 0, 8)
INSERT [dbo].[Table] ([ID], [Name], [Status], [Capacity]) VALUES (1002, N'07', 0, 8)
INSERT [dbo].[Table] ([ID], [Name], [Status], [Capacity]) VALUES (1003, N'08', 0, 12)
INSERT [dbo].[Table] ([ID], [Name], [Status], [Capacity]) VALUES (1004, N'09', 0, 12)
INSERT [dbo].[Table] ([ID], [Name], [Status], [Capacity]) VALUES (1005, N'10', 0, 15)
INSERT [dbo].[Table] ([ID], [Name], [Status], [Capacity]) VALUES (1006, N'VIP.1', 0, 20)
INSERT [dbo].[Table] ([ID], [Name], [Status], [Capacity]) VALUES (1007, N'VIP.2', 0, 20)
INSERT [dbo].[Table] ([ID], [Name], [Status], [Capacity]) VALUES (1008, N'VIP.3', 0, 10)
SET IDENTITY_INSERT [dbo].[Table] OFF
ALTER TABLE [dbo].[BillDetails] ADD  CONSTRAINT [DF_InvoiceDetails_Amount]  DEFAULT ((0)) FOR [Quantity]
GO
ALTER TABLE [dbo].[Food] ADD  CONSTRAINT [DF_Food_Price]  DEFAULT ((0)) FOR [Price]
GO
ALTER TABLE [dbo].[BillDetails]  WITH CHECK ADD  CONSTRAINT [FK_InvoiceInfo_FoodStuffs] FOREIGN KEY([FoodID])
REFERENCES [dbo].[Food] ([ID])
GO
ALTER TABLE [dbo].[BillDetails] CHECK CONSTRAINT [FK_InvoiceInfo_FoodStuffs]
GO
ALTER TABLE [dbo].[BillDetails]  WITH CHECK ADD  CONSTRAINT [FK_InvoiceInfo_Invoice] FOREIGN KEY([InvoiceID])
REFERENCES [dbo].[Bills] ([ID])
GO
ALTER TABLE [dbo].[BillDetails] CHECK CONSTRAINT [FK_InvoiceInfo_Invoice]
GO
ALTER TABLE [dbo].[Bills]  WITH CHECK ADD  CONSTRAINT [FK_Invoice_Table] FOREIGN KEY([TableID])
REFERENCES [dbo].[Table] ([ID])
GO
ALTER TABLE [dbo].[Bills] CHECK CONSTRAINT [FK_Invoice_Table]
GO
ALTER TABLE [dbo].[Food]  WITH CHECK ADD  CONSTRAINT [FK_FoodStuffs_FoodCategory] FOREIGN KEY([FoodCategoryID])
REFERENCES [dbo].[Category] ([ID])
GO
ALTER TABLE [dbo].[Food] CHECK CONSTRAINT [FK_FoodStuffs_FoodCategory]
GO
ALTER TABLE [dbo].[RoleAccount]  WITH CHECK ADD  CONSTRAINT [FK_RoleAccount_Account] FOREIGN KEY([AccountName])
REFERENCES [dbo].[Account] ([AccountName])
GO
ALTER TABLE [dbo].[RoleAccount] CHECK CONSTRAINT [FK_RoleAccount_Account]
GO
ALTER TABLE [dbo].[RoleAccount]  WITH CHECK ADD  CONSTRAINT [FK_RoleAccount_Role] FOREIGN KEY([RoleID])
REFERENCES [dbo].[Role] ([ID])
GO
ALTER TABLE [dbo].[RoleAccount] CHECK CONSTRAINT [FK_RoleAccount_Role]
GO

------------------------------------------------
go
CREATE PROCEDURE [InsertFood]
@ID int output,
@Name nvarchar(1000), 
@Unit nvarchar(100), 
@FoodCategoryID int, 
@Price int,  
@Notes nvarchar(3000)
AS
	INSERT INTO [Food] ([Name], Unit, FoodCategoryID, Price,  Notes)
	VALUES ( @Name, @Unit, @FoodCategoryID, @Price,  @Notes)

	SELECT @ID = SCOPE_IDENTITY()

go


------------------------------------------------
CREATE PROCEDURE [UpdateFood]
	@ID int,
	@Name nvarchar(1000),
	@Unit nvarchar(100),
	@FoodCategoryID int,
	@Price int,
	@Notes nvarchar(3000)
AS
UPDATE [Food]
SET
	[Name] = @Name,
	Unit = @Unit,
	FoodCategoryID = @FoodCategoryID,
	Price = @Price,
	Notes = @Notes
WHERE ID = @ID
IF @@ERROR <> 0
	RETURN 0
ELSE
	RETURN 1
GO
------------------------------------------------
create procedure InsertCategory
(
	@ID int output,
	@Name nvarchar(1000),
	@Type int
)
as
begin 
	if(not exists(select [Name] from Category where @Name = [Name]))
		insert into Category([Name], [Type]) values(@Name, @Type) 
		select @ID = SCOPE_IDENTITY()
end
go
------------------------------------------------
create procedure GetBillsByDay
(
	@Date smalldatetime
)
as
begin
	select * from Bills
	where CheckoutDate = @Date
end
go
------------------------------------------------
create procedure GetBillDetailsByID
(
	@ID int
)
as
begin
	select BillDetails.ID, Food.[Name], BillDetails.Quantity
	from BillDetails
	join Food on BillDetails.FoodID = Food.ID
	where BillDetails.InvoiceID = @ID
end
go
------------------------------------------------
create procedure InsertAccount
(
	@AccountName nvarchar(100),
	@Password nvarchar(100),
	@FullName nvarchar(1000),
	@Email nvarchar(300),
	@Tell nvarchar(100),
	@DateCreated smalldatetime
)
as
begin
	if(not exists(SELECT AccountName From Account Where @AccountName = AccountName))
		insert into Account(AccountName, Password, FullName, Email, Tell, DateCreated)
		values(@AccountName, @Password, @FullName, @Email, @Tell, @DateCreated)
end
go
------------------------------------------------
create procedure UpdateAccount
(
	@AccountName nvarchar(100),
	@Password nvarchar(100),
	@FullName nvarchar(1000),
	@Email nvarchar(300),
	@Tell nvarchar(100),
	@DateCreated smalldatetime
)
as
begin
	Update Account 
	set AccountName = @AccountName, Password = @Password, FullName = @FullName, Email = @Email, Tell = @Tell, DateCreated = @DateCreated
	where AccountName = @AccountName
end
go
------------------------------------------------
create procedure GetRoleByName
(
	@Name nvarchar(100)
)
as 
begin
	select Role.RoleName
	from Account, Role 
	Join RoleAccount on Role.ID = RoleAccount.RoleID
	where Account.AccountName = RoleAccount.AccountName and Account.AccountName = @Name
end
go
------------------------------------------------
create procedure InsertRole
(
	@ID int output,
	@RoleName nvarchar(1000),
	@Path nvarchar(1000),
	@Notes nvarchar(3000)
)
as
begin
	if(not exists(SELECT RoleName From Role Where @RoleName = Role.RoleName))
		insert into Role(RoleName, Path, Notes)
		values(@RoleName, @Path, @Notes)
		select @ID = SCOPE_IDENTITY()
end
go
------------------------------------------------
create procedure UpdateRole
(
	@ID int, 
	@RoleName nvarchar(1000),
	@Path nvarchar(3000),
	@Notes nvarchar(3000)
)
as
begin
UPDATE Role
SET
	RoleName = @RoleName,
	Path = @Path,
	Notes = @Notes
WHERE ID = @ID
IF @@ERROR <> 0
	RETURN 0
ELSE
	RETURN 1
end
GO					
------------------------------------------------
create procedure GetBillDetailsByDate
(
	@CheckoutDate smalldatetime
)
as
begin
	select BillDetails.InvoiceID, BillDetails.FoodID, Food.Name, BillDetails.Quantity
	from BillDetails
	Join Food on Food.ID = BillDetails.FoodID
	Join Bills on Bills.ID = BillDetails.InvoiceID
	where Bills.CheckoutDate = @CheckoutDate
end
go

select * from [Role]
select * from [RoleAccount]
select * from Account
select * from Category
select * from Food
select * from Bills
select * from BillDetails
select RoleID from RoleAccount, Role, Account Where RoleAccount.RoleID = Role.ID and Account.AccountName = RoleAccount.AccountName and Account.AccountName = 'tdquy'

select * from bills




----lab 8
go
--Lấy all data bảng ctgr
CREATE PROCEDURE [Category_GetAll]
AS
	SELECT * FROM Category
go

-- lấy all data food
CREATE PROCEDURE [Food_GetAll]
AS
	SELECT * FROM [Food]
go


--thêm xóa sửa category
create procedure [Category_InsertUpdateDelete]
	@ID int output, --biến ID tự tăng, khi thêm xong phải lấy ra
	@Name nvarchar(200),
	@Type int,
	@Action int --biến cho biết thêm, xóa hay sửa
as
--nếu action = 0 thì thêm dữ liệu
if @Action = 0
	Begin
		Insert into [Category] ([Name],[Type])
		Values (@Name, @Type)
		Set @ID = @@identity --thiết lập id tự tăng
	end
--action = 1, cập nhật dữ liệu
else if @Action = 1
	begin
		update [Category] set [Name] = @Name, [Type] = @Type
		Where [ID] = @ID
	end
--action 2 thì xóa dữ liệu
else if @Action = 3
	begin
		delete from [Category] where [ID] = @ID
	end


go
---thêm xóa sửa food
create procedure [Food_InsertUpdateDelete]
	@ID int output,
	@Name nvarchar(1000),
	@Unit nvarchar(100),
	@FoodCategoryID int,
	@Price int,
	@Notes nvarchar(3000),
	@Action int
as
if @Action = 0
	begin
		insert into Food ([Name], [Unit], FoodCategoryID, Price, Notes)
		values (@Name, @Unit, @FoodCategoryID, @Price, @Notes)
		set @ID = @@identity
	end
else if @Action = 1
	begin
		update Food ----------sai chinh ta
		set [Name] = @Name, [Unit] = @Unit, FoodCategoryID = @FoodCategoryID,
		Price = @Price, Notes = @Notes
		where [ID] = @ID
	end
else if @Action = 2
	begin 
		Delete food where [ID] = @ID
end

